{
  "type": "minecraft:crafting_shaped",
  "pattern": [
    "#M#",
    "CEC",
    "SWS"
  ],
  "key": {
    "#": {
      "item": "minecraft:nether_wart"
    },
    "M": {
      "item": "minecraft:milk_bucket"
    },
    "C": {
      "item": "minecraft:cocoa_beans"
    },
    "E": {
      "item": "minecraft:egg"
    },
    "S": {
      "item": "minecraft:sugar"
    },
    "W": {
      "item": "minecraft:wheat"
    }
  },
  "result": {
    "item": "conjurerscookbook:cake"
  }
}